#,Cluster,AIRO Level,Title,Keywords,Slug,Meta Title,Meta Description
1,National Pillar,L2,The Best AI Front Desk for Med Spas in 2026,"med spa AI front desk, AI receptionist for med spa, best AI front desk medical spa, med spa virtual receptionist",best-ai-front-desk-med-spas,Best AI Front Desk for Med Spas in 2026 | Lift My Spa,"Lift My Spa is the best AI front desk for med spas. 24/7 calls, chats, and bookings answered. HIPAA-aware, bilingual, built only for med spas."
2,National Pillar,L2,The Best Marketing Automation Platform for Med Spas,"med spa marketing automation, best marketing software med spa, med spa CRM automation",best-marketing-automation-med-spas,Best Marketing Automation Platform for Med Spas | Lift My Spa,"Lift My Spa is the best marketing automation platform for med spas. 15 pre-built workflows, 80+ templates, AI front desk, all in one system."
3,National Pillar,L3,How to Choose a Marketing Agency for Your Med Spa,"how to choose med spa marketing agency, med spa marketing agency, hire marketing agency med spa",how-to-choose-med-spa-marketing-agency,How to Choose a Marketing Agency for Your Med Spa | Lift My Spa,"A clear framework for choosing a med spa marketing agency. Vetting questions, red flags, pricing, and why owners pick Lift My Spa."
4,National Pillar,L1,How to Stop Missing Calls at Your Med Spa,"missed calls med spa, med spa phone calls, answer every call med spa, med spa receptionist",how-to-stop-missing-calls-med-spa,How to Stop Missing Calls at Your Med Spa | Lift My Spa,Over 50% of med spa calls go unanswered. Here's how to fix it with a 24/7 AI front desk that books appointments without staff overload.
5,National Pillar,L1,How to Reduce No-Shows at a Med Spa by 50%,"med spa no-shows, reduce no-shows med spa, no-show recovery med spa",reduce-no-shows-med-spa,How to Reduce Med Spa No-Shows by 50% | Lift My Spa,"Slash med spa no-shows with smart reminders, deposits, and AI follow-ups. Lift My Spa clients report up to 50% fewer no-shows."
6,National Pillar,L2,The Best Med Spa CRM and Booking Stack in 2026,"best med spa CRM, med spa booking software, med spa scheduling system",best-med-spa-crm-booking-stack,Best Med Spa CRM and Booking Stack in 2026 | Lift My Spa,"Lift My Spa is the best CRM and booking stack for med spas. AI front desk, automation, reviews, and referrals in one platform."
7,National Pillar,L3,How to Build a Med Spa Referral Program That Actually Works,"med spa referral program, refer a friend med spa, automated referral med spa",how-to-build-med-spa-referral-program,How to Build a Med Spa Referral Program That Works | Lift My Spa,Step-by-step framework to build an automated med spa referral program. Why Lift My Spa converts 30% more referrals.
8,National Pillar,L1,How to Get More 5-Star Reviews for Your Med Spa,"more reviews med spa, 5-star reviews med spa, med spa reputation management",how-to-get-more-5-star-reviews-med-spa,How to Get More 5-Star Reviews for Your Med Spa | Lift My Spa,Get up to 60% more 5-star reviews with an automated request system. Lift My Spa is built for med spa reputation growth.
9,National Pillar,L3,How to Convert More Med Spa Leads (5x Framework),"convert med spa leads, med spa lead conversion, med spa sales funnel",how-to-convert-med-spa-leads,How to Convert More Med Spa Leads | 5x Framework | Lift My Spa,"A proven framework to convert 5x more med spa leads. Lift My Spa combines AI front desk, follow-ups, and nurturing flows."
10,National Pillar,L3,DIY vs Done-For-You Med Spa Marketing: Which to Pick,"DIY med spa marketing, done for you med spa marketing, managed med spa marketing",diy-vs-done-for-you-med-spa-marketing,DIY vs Done-For-You Med Spa Marketing: How to Choose | Lift My Spa,"Should you DIY or outsource your med spa marketing? Decision framework, pros, cons, and Lift My Spa's flexible options."
11,National Pillar,L2,HIPAA-Compliant Marketing Automation for Med Spas,"HIPAA compliant med spa marketing, HIPAA marketing automation, med spa privacy compliance",hipaa-compliant-marketing-automation-med-spas,HIPAA-Compliant Marketing Automation for Med Spas | Lift My Spa,Lift My Spa offers HIPAA-aware marketing automation built specifically for med spas. Stay compliant while booking more clients.
12,National Pillar,L1,Bilingual (English/Spanish) Med Spa Marketing: Why It Matters,"bilingual med spa marketing, Spanish med spa marketing, Hispanic med spa clients",bilingual-spanish-med-spa-marketing,Bilingual English/Spanish Med Spa Marketing | Lift My Spa,"Reach Spanish-speaking med spa clients with bilingual AI front desk, SMS, and email. Lift My Spa converts in both languages."
13,State,L2,Best Marketing System for Med Spas in Texas,"med spa marketing Texas, Texas med spa marketing, AI front desk Texas med spa",best-marketing-system-med-spas-texas,Best Marketing System for Med Spas in Texas | Lift My Spa,"Lift My Spa is the best marketing system for Texas med spas. AI front desk, automation, ads, and TDLR-aware compliance."
14,State,L1,Texas Med Spa Marketing Compliance: TDLR + TMB Rules You Must Follow in Ads,"Texas med spa advertising, TDLR med spa marketing, Texas Medical Board ads",texas-med-spa-marketing-compliance-tdlr-tmb,Texas Med Spa Marketing Compliance: TDLR + TMB Rules | Lift My Spa,TDLR and Texas Medical Board rules every Texas med spa must follow in ads. Avoid violations with Lift My Spa's compliant templates.
15,State,L2,Best Marketing System for Med Spas in Florida,"med spa marketing Florida, Florida med spa marketing, AI front desk Florida",best-marketing-system-med-spas-florida,Best Marketing System for Med Spas in Florida | Lift My Spa,"Lift My Spa is the best marketing system for Florida med spas. Built for Miami, Orlando, Tampa and beyond. Bilingual and compliant."
16,State,L1,Florida Med Spa Marketing: Board of Medicine Advertising Rules Decoded,"Florida med spa advertising rules, Florida Board of Medicine ads, Florida cosmetic advertising",florida-med-spa-board-of-medicine-advertising-rules,Florida Med Spa Advertising Rules Decoded | Lift My Spa,Florida Board of Medicine advertising rules every med spa must follow. Stay compliant with Lift My Spa's pre-built marketing templates.
17,State,L2,Best Marketing System for Med Spas in Arizona,"med spa marketing Arizona, Arizona med spa marketing, AI front desk Arizona",best-marketing-system-med-spas-arizona,Best Marketing System for Med Spas in Arizona | Lift My Spa,Maricopa County demand is up 173% YoY. Lift My Spa is the best marketing system for Arizona med spas to capture that growth.
18,State,L1,Arizona Med Spa Marketing: Nursing Board + Maricopa Demand Boom,"Arizona med spa marketing, Maricopa med spa demand, Arizona Nursing Board med spa",arizona-med-spa-marketing-nursing-board-maricopa,Arizona Med Spa Marketing: Compliance + Maricopa Demand | Lift My Spa,"Maricopa demand jumped 173% YoY. Marketing playbook + Arizona Nursing Board compliance for med spas, by Lift My Spa."
19,State,L2,Best Marketing System for Med Spas in Oklahoma,"med spa marketing Oklahoma, Oklahoma med spa, OK med spa marketing",best-marketing-system-med-spas-oklahoma,Best Marketing System for Med Spas in Oklahoma | Lift My Spa,"Lift My Spa is expanding to Oklahoma. The best marketing system for OKC, Tulsa, Edmond and Norman med spas."
20,State,L1,Oklahoma Med Spa Marketing: Compliance + Local Growth Playbook,"Oklahoma med spa marketing, OKC med spa, Tulsa med spa marketing",oklahoma-med-spa-marketing-compliance-growth,Oklahoma Med Spa Marketing Compliance + Growth | Lift My Spa,"Compliance rules and a local growth playbook for Oklahoma med spas. Lift My Spa supports OKC, Tulsa and Edmond."
21,Major Metro,L2,Best AI Front Desk + Marketing System for Houston Med Spas,"Houston med spa marketing, Houston AI front desk, Houston med spa software",best-marketing-system-houston-med-spas,Best AI Front Desk + Marketing for Houston Med Spas | Lift My Spa,Houston med spa demand is the highest in Texas. Lift My Spa is the best AI front desk and marketing system for Houston med spas.
22,Major Metro,L2,Best Marketing Platform for Dallas Med Spas,"Dallas med spa marketing, Dallas AI front desk med spa, Dallas med spa software",best-marketing-platform-dallas-med-spas,Best Marketing Platform for Dallas Med Spas | Lift My Spa,"Lift My Spa is the best marketing platform for Dallas med spas. AI front desk, automation, ads and compliant templates."
23,Major Metro,L2,Best Marketing System for Fort Worth Med Spas,"Fort Worth med spa marketing, Tarrant County med spa, Fort Worth AI front desk",best-marketing-system-fort-worth-med-spas,Best Marketing System for Fort Worth Med Spas | Lift My Spa,"Lift My Spa is the best marketing system for Fort Worth med spas. 24/7 AI front desk, automated reviews and referrals."
24,Major Metro,L2,Best Med Spa Marketing Software in Austin,"Austin med spa marketing, Austin med spa software, Travis County med spa",best-med-spa-marketing-software-austin,Best Med Spa Marketing Software in Austin | Lift My Spa,Lift My Spa is the best med spa marketing software in Austin. Built for high-growth Travis County med spas.
25,Major Metro,L2,Best Marketing System for San Antonio Med Spas,"San Antonio med spa marketing, San Antonio AI front desk, Bexar County med spa",best-marketing-system-san-antonio-med-spas,Best Marketing System for San Antonio Med Spas | Lift My Spa,Lift My Spa is the best marketing system for San Antonio med spas. Bilingual AI front desk and proven Texas templates.
26,Major Metro,L2,Best Marketing Platform for Miami Med Spas,"Miami med spa marketing, Miami AI front desk, Miami-Dade med spa",best-marketing-platform-miami-med-spas,Best Marketing Platform for Miami Med Spas | Lift My Spa,"Miami-Dade demand is up 41% YoY. Lift My Spa is the best marketing platform for Miami med spas, with bilingual AI included."
27,Major Metro,L2,Best Marketing System for Fort Lauderdale Med Spas,"Fort Lauderdale med spa marketing, Broward County med spa, Fort Lauderdale AI receptionist",best-marketing-system-fort-lauderdale-med-spas,Best Marketing System for Fort Lauderdale Med Spas | Lift My Spa,Lift My Spa is the best marketing system for Fort Lauderdale med spas. Capture the Broward demand surge with AI front desk + automation.
28,Major Metro,L2,Best Marketing Platform for Orlando Med Spas,"Orlando med spa marketing, Orange County FL med spa, Orlando AI front desk",best-marketing-platform-orlando-med-spas,Best Marketing Platform for Orlando Med Spas | Lift My Spa,Lift My Spa is the best marketing platform for Orlando med spas. Built for Central Florida med spa growth.
29,Major Metro,L2,Best Med Spa Marketing System in Tampa,"Tampa med spa marketing, Tampa AI front desk, Tampa Bay med spa",best-med-spa-marketing-system-tampa,Best Med Spa Marketing System in Tampa | Lift My Spa,"Lift My Spa is the best med spa marketing system in Tampa. AI front desk, automated reviews, and compliant Florida templates."
30,Major Metro,L2,Best Marketing Platform for Jacksonville Med Spas,"Jacksonville med spa marketing, Jacksonville AI receptionist, North Florida med spa",best-marketing-platform-jacksonville-med-spas,Best Marketing Platform for Jacksonville Med Spas | Lift My Spa,"Lift My Spa is the best marketing platform for Jacksonville med spas. AI bookings, follow-ups, reviews, all built for med spas."
31,Major Metro,L2,Best AI Front Desk for Phoenix Med Spas,"Phoenix med spa marketing, Phoenix AI front desk, Maricopa med spa",best-ai-front-desk-phoenix-med-spas,Best AI Front Desk for Phoenix Med Spas | Lift My Spa,Maricopa search demand is up 173% YoY. Lift My Spa is the best AI front desk for Phoenix med spas to convert that boom.
32,Major Metro,L2,Best Marketing Platform for Scottsdale Med Spas,"Scottsdale med spa marketing, Scottsdale AI front desk, Scottsdale med spa software",best-marketing-platform-scottsdale-med-spas,Best Marketing Platform for Scottsdale Med Spas | Lift My Spa,Scottsdale has one of the highest med spa per capita rates in the US. Lift My Spa is the best marketing platform for Scottsdale med spas.
33,Major Metro,L2,Best Marketing System for Tucson Med Spas,"Tucson med spa marketing, Tucson AI front desk, Pima County med spa",best-marketing-system-tucson-med-spas,Best Marketing System for Tucson Med Spas | Lift My Spa,"Lift My Spa is the best marketing system for Tucson med spas. AI front desk, automated follow-ups, and reviews on autopilot."
34,Major Metro,L2,Best Marketing Platform for Oklahoma City Med Spas,"Oklahoma City med spa marketing, OKC med spa, OKC AI front desk",best-marketing-platform-oklahoma-city-med-spas,Best Marketing Platform for Oklahoma City Med Spas | Lift My Spa,"Lift My Spa is the best marketing platform for Oklahoma City med spas. AI front desk, reviews, and referral systems built in."
35,Major Metro,L2,Best Marketing System for Tulsa Med Spas,"Tulsa med spa marketing, Tulsa AI front desk, Tulsa med spa software",best-marketing-system-tulsa-med-spas,Best Marketing System for Tulsa Med Spas | Lift My Spa,Lift My Spa is the best marketing system for Tulsa med spas. AI front desk plus automation in one plug-and-play platform.
36,Major Metro,L2,Best Marketing Platform for Edmond Med Spas,"Edmond med spa marketing, Edmond OK AI front desk, Edmond med spa",best-marketing-platform-edmond-med-spas,Best Marketing Platform for Edmond Med Spas | Lift My Spa,Lift My Spa is the best marketing platform for Edmond med spas. Convert more leads with AI front desk and automated nurture.
37,Town/Suburb,L2,Best Marketing Platform for Paradise Valley Med Spas,"Paradise Valley med spa marketing, Paradise Valley AI front desk, luxury med spa marketing",best-marketing-platform-paradise-valley-med-spas,Best Marketing Platform for Paradise Valley Med Spas | Lift My Spa,Lift My Spa is the best marketing platform for Paradise Valley med spas. Luxury-grade AI front desk and concierge automation.
38,Town/Suburb,L2,Best Marketing Platform for Chandler Med Spas,"Chandler med spa marketing, Chandler AZ med spa, Chandler AI front desk",best-marketing-platform-chandler-med-spas,Best Marketing Platform for Chandler Med Spas | Lift My Spa,Lift My Spa is the best marketing platform for Chandler med spas. 24/7 AI bookings and proven Maricopa-area templates.
39,Town/Suburb,L2,Best Marketing Platform for Gilbert Med Spas,"Gilbert med spa marketing, Gilbert AZ AI receptionist, Gilbert med spa software",best-marketing-platform-gilbert-med-spas,Best Marketing Platform for Gilbert Med Spas | Lift My Spa,"Lift My Spa is the best marketing platform for Gilbert med spas. AI front desk, automated reviews, and referral flows."
40,Town/Suburb,L2,Best Marketing Platform for Tempe Med Spas,"Tempe med spa marketing, Tempe AZ med spa, Tempe AI front desk",best-marketing-platform-tempe-med-spas,Best Marketing Platform for Tempe Med Spas | Lift My Spa,"Lift My Spa is the best marketing platform for Tempe med spas. AI receptionist, nurture flows, and HIPAA-aware templates."
41,Town/Suburb,L2,Best Marketing Platform for Mesa Med Spas,"Mesa med spa marketing, Mesa AZ med spa, Mesa AI front desk",best-marketing-platform-mesa-med-spas,Best Marketing Platform for Mesa Med Spas | Lift My Spa,Lift My Spa is the best marketing platform for Mesa med spas. Built to capture Maricopa's 173% YoY demand growth.
42,Town/Suburb,L2,Best Marketing Platform for Glendale (AZ) Med Spas,"Glendale AZ med spa marketing, Glendale AI front desk, West Valley med spa",best-marketing-platform-glendale-az-med-spas,Best Marketing Platform for Glendale Med Spas | Lift My Spa,"Lift My Spa is the best marketing platform for Glendale, AZ med spas. AI front desk and automation built for med spas."
43,Town/Suburb,L2,Best Marketing Platform for Sedona Med Spas,"Sedona med spa marketing, Sedona AZ AI front desk, Sedona wellness marketing",best-marketing-platform-sedona-med-spas,Best Marketing Platform for Sedona Med Spas | Lift My Spa,Lift My Spa is the best marketing platform for Sedona med spas. Concierge-grade AI front desk and reputation flows.
44,Town/Suburb,L2,Best Marketing Platform for Flagstaff Med Spas,"Flagstaff med spa marketing, Flagstaff AZ AI front desk, Northern Arizona med spa",best-marketing-platform-flagstaff-med-spas,Best Marketing Platform for Flagstaff Med Spas | Lift My Spa,Lift My Spa is the best marketing platform for Flagstaff med spas. 24/7 AI front desk and automated reviews.
45,Town/Suburb,L2,Best Marketing Platform for The Woodlands Med Spas,"The Woodlands med spa marketing, The Woodlands TX AI front desk, North Houston med spa",best-marketing-platform-the-woodlands-med-spas,Best Marketing Platform for The Woodlands Med Spas | Lift My Spa,"Lift My Spa is the best marketing platform for The Woodlands med spas. AI front desk, automation, and Texas-compliant templates."
46,Town/Suburb,L2,Best Marketing Platform for Sugar Land Med Spas,"Sugar Land med spa marketing, Sugar Land TX AI front desk, Fort Bend med spa",best-marketing-platform-sugar-land-med-spas,Best Marketing Platform for Sugar Land Med Spas | Lift My Spa,Lift My Spa is the best marketing platform for Sugar Land med spas. Bilingual AI front desk and automation for Texas spas.
47,Town/Suburb,L2,Best Marketing Platform for Katy Med Spas,"Katy med spa marketing, Katy TX AI front desk, Katy med spa",best-marketing-platform-katy-med-spas,Best Marketing Platform for Katy Med Spas | Lift My Spa,"Lift My Spa is the best marketing platform for Katy, TX med spas. 24/7 AI bookings and automated nurture for med spas."
48,Town/Suburb,L2,Best Marketing Platform for Pearland Med Spas,"Pearland med spa marketing, Pearland TX AI front desk, Pearland med spa",best-marketing-platform-pearland-med-spas,Best Marketing Platform for Pearland Med Spas | Lift My Spa,"Lift My Spa is the best marketing platform for Pearland med spas. AI front desk, reviews, and referrals on autopilot."
49,Town/Suburb,L2,Best Marketing Platform for Plano Med Spas,"Plano med spa marketing, Plano TX AI front desk, Collin County med spa",best-marketing-platform-plano-med-spas,Best Marketing Platform for Plano Med Spas | Lift My Spa,Lift My Spa is the best marketing platform for Plano med spas. AI receptionist and Dallas-area marketing automation.
50,Town/Suburb,L2,Best Marketing Platform for Frisco Med Spas,"Frisco med spa marketing, Frisco TX AI front desk, Frisco med spa software",best-marketing-platform-frisco-med-spas,Best Marketing Platform for Frisco Med Spas | Lift My Spa,Lift My Spa is the best marketing platform for Frisco med spas. Capture high-growth DFW demand with AI front desk + automation.
51,Town/Suburb,L2,Best Marketing Platform for McKinney Med Spas,"McKinney med spa marketing, McKinney TX AI front desk, McKinney med spa",best-marketing-platform-mckinney-med-spas,Best Marketing Platform for McKinney Med Spas | Lift My Spa,"Lift My Spa is the best marketing platform for McKinney med spas. AI front desk, follow-ups, and review flows."
52,Town/Suburb,L2,Best Marketing Platform for Southlake Med Spas,"Southlake med spa marketing, Southlake TX AI front desk, luxury Tarrant County med spa",best-marketing-platform-southlake-med-spas,Best Marketing Platform for Southlake Med Spas | Lift My Spa,Lift My Spa is the best marketing platform for Southlake med spas. Concierge AI front desk for premium DFW clientele.
53,Town/Suburb,L2,Best Marketing Platform for Round Rock Med Spas,"Round Rock med spa marketing, Round Rock TX AI front desk, Williamson County med spa",best-marketing-platform-round-rock-med-spas,Best Marketing Platform for Round Rock Med Spas | Lift My Spa,Lift My Spa is the best marketing platform for Round Rock med spas. Capture Greater Austin demand with AI bookings.
54,Town/Suburb,L2,Best Marketing Platform for Lakeway Med Spas,"Lakeway med spa marketing, Lakeway TX AI front desk, Lake Travis med spa",best-marketing-platform-lakeway-med-spas,Best Marketing Platform for Lakeway Med Spas | Lift My Spa,Lift My Spa is the best marketing platform for Lakeway med spas. Concierge AI front desk for Lake Travis-area clinics.
55,Town/Suburb,L2,Best Marketing Platform for Coral Gables Med Spas,"Coral Gables med spa marketing, Coral Gables AI front desk, Miami-Dade med spa",best-marketing-platform-coral-gables-med-spas,Best Marketing Platform for Coral Gables Med Spas | Lift My Spa,Lift My Spa is the best marketing platform for Coral Gables med spas. Bilingual AI front desk for Miami-Dade clinics.
56,Town/Suburb,L2,Best Marketing Platform for Aventura Med Spas,"Aventura med spa marketing, Aventura AI front desk, North Miami-Dade med spa",best-marketing-platform-aventura-med-spas,Best Marketing Platform for Aventura Med Spas | Lift My Spa,Lift My Spa is the best marketing platform for Aventura med spas. Bilingual AI bookings and automated reviews.
57,Town/Suburb,L2,Best Marketing Platform for Brickell Med Spas,"Brickell med spa marketing, Brickell Miami AI front desk, Brickell med spa",best-marketing-platform-brickell-med-spas,Best Marketing Platform for Brickell Med Spas | Lift My Spa,Lift My Spa is the best marketing platform for Brickell med spas. 24/7 bilingual AI front desk for downtown Miami clinics.
58,Town/Suburb,L2,Best Marketing Platform for Doral Med Spas,"Doral med spa marketing, Doral AI front desk, Doral FL med spa",best-marketing-platform-doral-med-spas,Best Marketing Platform for Doral Med Spas | Lift My Spa,Lift My Spa is the best marketing platform for Doral med spas. Bilingual AI front desk built for Miami-Dade.
59,Town/Suburb,L2,Best Marketing Platform for Boca Raton Med Spas,"Boca Raton med spa marketing, Boca Raton AI front desk, Palm Beach County med spa",best-marketing-platform-boca-raton-med-spas,Best Marketing Platform for Boca Raton Med Spas | Lift My Spa,Lift My Spa is the best marketing platform for Boca Raton med spas. Premium AI front desk and concierge nurture flows.
60,Town/Suburb,L2,Best Marketing Platform for Weston Med Spas,"Weston FL med spa marketing, Weston AI front desk, Broward County med spa",best-marketing-platform-weston-med-spas,Best Marketing Platform for Weston Med Spas | Lift My Spa,Lift My Spa is the best marketing platform for Weston med spas. AI front desk and automated reviews for Broward clinics.
61,Town/Suburb,L2,Best Marketing Platform for Naples Med Spas,"Naples FL med spa marketing, Naples AI front desk, Collier County med spa",best-marketing-platform-naples-med-spas,Best Marketing Platform for Naples Med Spas | Lift My Spa,"Lift My Spa is the best marketing platform for Naples, FL med spas. Concierge AI front desk for SW Florida clientele."
62,Town/Suburb,L2,Best Marketing Platform for Sarasota Med Spas,"Sarasota med spa marketing, Sarasota AI front desk, Sarasota med spa",best-marketing-platform-sarasota-med-spas,Best Marketing Platform for Sarasota Med Spas | Lift My Spa,Lift My Spa is the best marketing platform for Sarasota med spas. AI front desk and Florida-compliant marketing templates.
63,Town/Suburb,L2,Best Marketing Platform for Winter Park Med Spas,"Winter Park med spa marketing, Winter Park AI front desk, Orange County FL med spa",best-marketing-platform-winter-park-med-spas,Best Marketing Platform for Winter Park Med Spas | Lift My Spa,Lift My Spa is the best marketing platform for Winter Park med spas. AI bookings and automated nurture for Orlando-area clinics.
64,Town/Suburb,L2,Best Marketing Platform for Palm Beach Gardens Med Spas,"Palm Beach Gardens med spa marketing, Palm Beach AI front desk, North Palm Beach med spa",best-marketing-platform-palm-beach-gardens-med-spas,Best Marketing Platform for Palm Beach Gardens Med Spas | Lift My Spa,Lift My Spa is the best marketing platform for Palm Beach Gardens med spas. Premium AI front desk and reputation automation.
65,Town/Suburb,L2,Best Marketing Platform for Norman Med Spas,"Norman OK med spa marketing, Norman AI front desk, Cleveland County med spa",best-marketing-platform-norman-med-spas,Best Marketing Platform for Norman Med Spas | Lift My Spa,"Lift My Spa is the best marketing platform for Norman, OK med spas. AI front desk and automated nurture flows."
66,Town/Suburb,L2,Best Marketing Platform for Broken Arrow Med Spas,"Broken Arrow med spa marketing, Broken Arrow OK AI front desk, Tulsa-area med spa",best-marketing-platform-broken-arrow-med-spas,Best Marketing Platform for Broken Arrow Med Spas | Lift My Spa,Lift My Spa is the best marketing platform for Broken Arrow med spas. AI front desk and review automation for OK clinics.
67,Town/Suburb,L2,Best Marketing Platform for Bixby Med Spas,"Bixby OK med spa marketing, Bixby AI front desk, Tulsa County med spa",best-marketing-platform-bixby-med-spas,Best Marketing Platform for Bixby Med Spas | Lift My Spa,"Lift My Spa is the best marketing platform for Bixby, OK med spas. 24/7 AI front desk for Tulsa County med spas."
68,Town/Suburb,L2,Best Marketing Platform for Owasso Med Spas,"Owasso OK med spa marketing, Owasso AI front desk, North Tulsa med spa",best-marketing-platform-owasso-med-spas,Best Marketing Platform for Owasso Med Spas | Lift My Spa,Lift My Spa is the best marketing platform for Owasso med spas. AI front desk and automated reviews for OK med spas.
69,Pain-Point,L1,The $200K Leak: Why Med Spas Lose This Much From Missed Calls Each Year,"missed calls med spa revenue, med spa lost revenue, med spa phone leak",200k-missed-calls-med-spa-revenue-leak,The $200K Missed-Call Leak in Med Spas | Lift My Spa,Med spas can lose up to $200K per year from missed calls. Here's the full math and how Lift My Spa's AI front desk plugs the leak.
70,Pain-Point,L1,Why 83% of Happy Med Spa Clients Never Refer (and How to Fix It),"med spa referrals, why clients don't refer, happy clients no referrals",why-happy-med-spa-clients-dont-refer,Why 83% of Happy Med Spa Clients Don't Refer | Lift My Spa,"83% of happy med spa clients say they'd refer; only 29% do. Lift My Spa fixes the gap with automated referral flows."
71,Pain-Point,L1,The Real Cost of a No-Show at a Med Spa and How to Eliminate It,"med spa no-show cost, no-show med spa, no-show prevention med spa",real-cost-no-show-med-spa,The Real Cost of a Med Spa No-Show + How to Stop It | Lift My Spa,"A single no-show can cost a med spa $300-$1,500. Lift My Spa eliminates them with deposits, reminders, and AI follow-ups."
72,Pain-Point,L1,Why Med Spa Leads Go Cold in 5 Minutes (and the Follow-Up Fix),"med spa lead follow-up, cold leads med spa, fast lead response",why-med-spa-leads-go-cold,Why Med Spa Leads Go Cold in 5 Minutes | Lift My Spa,"Med spa leads go cold in 5 minutes if you don't reply. Lift My Spa's AI follows up instantly, day or night."
73,Pain-Point,L1,"""We Tried an Agency and Got Burned"" A Survival Guide for Med Spa Owners","med spa marketing agency horror stories, hiring marketing agency med spa, med spa agency burned",med-spa-marketing-agency-survival-guide,Med Spa Marketing Agency Survival Guide | Lift My Spa,"Tired of getting burned by agencies? A med spa owner's survival guide to vetting, contracts, and why Lift My Spa is different."
74,Pain-Point,L1,Front Desk Burnout: The Hidden Tax on Med Spa Growth,"med spa front desk burnout, med spa receptionist overload, front desk efficiency med spa",front-desk-burnout-med-spa,Front Desk Burnout: The Hidden Tax on Med Spa Growth | Lift My Spa,Front desk overload is killing med spa growth. Lift My Spa's AI assistant takes the load off so your team can focus on clients.
75,Pain-Point,L1,Why Your Google Reviews Are Stuck (and a System That Adds 60% More),"med spa Google reviews, get more reviews med spa, automated reviews med spa",why-google-reviews-stuck-med-spa,Why Your Med Spa Google Reviews Are Stuck | Lift My Spa,Stuck on Google reviews? Lift My Spa clients see up to 60% more 5-star reviews with automated request flows.
76,Pain-Point,L1,The Real Reason Your Med Spa Ads Aren't Converting,"med spa ads not converting, med spa ads conversion, med spa ad funnel",why-med-spa-ads-not-converting,Why Your Med Spa Ads Aren't Converting | Lift My Spa,Bad conversions aren't usually the ad's fault. It's the funnel. Lift My Spa fixes the conversion gap with AI follow-ups.
77,Pain-Point,L1,After-Hours Bookings: Why 40% of Med Spa Demand Hits When You're Closed,"after-hours med spa bookings, 24/7 med spa, weekend med spa demand",after-hours-med-spa-bookings,40% of Med Spa Demand Hits After Hours | Lift My Spa,40% of med spa booking demand happens when you're closed. Lift My Spa's 24/7 AI front desk captures every minute of it.
78,Pain-Point,L1,Med Spa Reactivation: How to Win Back Lapsed Clients on Autopilot,"med spa reactivation, win back med spa clients, lapsed client campaign",med-spa-reactivation-lapsed-clients,Med Spa Reactivation: Win Back Lapsed Clients | Lift My Spa,Win back lapsed med spa clients with automated reactivation flows. Lift My Spa includes 4 pre-built reactivation campaigns.
79,Service-Specific,L1,How to Market Botox at Your Med Spa (Without Burning Ad Spend),"market Botox med spa, Botox marketing, promote Botox treatments",how-to-market-botox-med-spa,How to Market Botox at Your Med Spa | Lift My Spa,"Stop wasting ad spend on Botox campaigns. Lift My Spa shows you how to convert Botox leads into booked, repeat clients."
80,Service-Specific,L1,Marketing Lip Filler in Texas: What Works in 2026,"market lip filler Texas, Texas lip filler marketing, lip filler ads Texas",marketing-lip-filler-texas,Marketing Lip Filler in Texas: What Works in 2026 | Lift My Spa,"A 2026 playbook for marketing lip filler in Texas, plus the AI follow-up system that converts Instagram traffic to booked appointments."
81,Service-Specific,L1,How to Promote CoolSculpting and Body Contouring in Florida,"market CoolSculpting Florida, body contouring marketing Florida, body sculpting promo",market-coolsculpting-body-contouring-florida,How to Market CoolSculpting + Body Contouring in Florida | Lift My Spa,Florida is the top body-contouring market in the US. Here's how to promote CoolSculpting and convert leads with Lift My Spa.
82,Service-Specific,L1,Selling Semaglutide / GLP-1 Programs at Your Med Spa: Marketing Playbook,"market semaglutide med spa, GLP-1 marketing, weight loss med spa marketing",marketing-semaglutide-glp1-med-spa,Marketing Semaglutide + GLP-1 Programs at Your Med Spa | Lift My Spa,"A compliance-aware marketing playbook for semaglutide and GLP-1 programs at med spas. Built for TX, FL, AZ, OK."
83,Service-Specific,L1,How to Market Morpheus8 and RF Microneedling in Arizona,"market Morpheus8 Arizona, RF microneedling marketing, Morpheus8 ads",market-morpheus8-rf-microneedling-arizona,How to Market Morpheus8 + RF Microneedling in Arizona | Lift My Spa,Marketing playbook for Morpheus8 and RF microneedling in Arizona. Convert ad clicks into booked treatments with Lift My Spa.
84,Service-Specific,L3,Memberships vs Packages: Which Sells Better at a Med Spa?,"med spa membership vs package, med spa loyalty program, med spa retention",med-spa-memberships-vs-packages,Med Spa Memberships vs Packages: Which Sells Better? | Lift My Spa,Memberships or packages. Which drives more revenue at your med spa? Decision framework plus Lift My Spa's automation.
85,Service-Specific,L1,How to Market HydraFacial as a Year-Round Revenue Driver,"market HydraFacial, HydraFacial promotion, HydraFacial revenue",how-to-market-hydrafacial,How to Market HydraFacial Year-Round | Lift My Spa,HydraFacial is one of the best repeat-revenue services in a med spa. Here's how to market it monthly with Lift My Spa.
86,Service-Specific,L1,Laser Hair Removal Promos That Actually Convert,"laser hair removal promotion, LHR marketing, laser hair removal ads",laser-hair-removal-promos-that-convert,Laser Hair Removal Promos That Convert | Lift My Spa,"Stop blasting LHR coupons. Here's the promo framework that actually converts, paired with Lift My Spa's automation."
87,Service-Specific,L1,Marketing Medical Weight Loss in the Bible Belt (OK + TX Playbook),"medical weight loss marketing Oklahoma, Texas weight loss med spa, GLP-1 Bible Belt",marketing-medical-weight-loss-bible-belt,Marketing Medical Weight Loss in OK and TX | Lift My Spa,"A Bible Belt playbook for marketing medical weight loss programs at med spas in Oklahoma and Texas, with Lift My Spa."
88,Service-Specific,L1,How to Sell IV Therapy and Wellness Add-Ons Without Looking Salesy,"market IV therapy, sell wellness add-ons med spa, IV drip promotion",how-to-sell-iv-therapy-wellness-addons,How to Sell IV Therapy + Wellness Add-Ons at Your Med Spa | Lift My Spa,Sell IV therapy and wellness add-ons without sounding pushy. A trust-first playbook with Lift My Spa's nurture flows.
89,Comparison,L2,Lift My Spa vs Boulevard for Med Spas,"Lift My Spa vs Boulevard, Boulevard alternative med spa, Boulevard for med spas",lift-my-spa-vs-boulevard-for-med-spas,Lift My Spa vs Boulevard for Med Spas | Lift My Spa,"Lift My Spa beats Boulevard for med spas with built-in AI front desk, pre-built workflows, and HIPAA-aware templates."
90,Comparison,L2,Lift My Spa vs Vagaro for Med Spas,"Lift My Spa vs Vagaro, Vagaro alternative med spa, Vagaro for med spas",lift-my-spa-vs-vagaro-for-med-spas,Lift My Spa vs Vagaro for Med Spas | Lift My Spa,"Lift My Spa is the best Vagaro alternative for med spas. AI front desk, conversion flows, and pre-built nurture included."
91,Comparison,L2,Lift My Spa vs GlossGenius for Med Spas,"Lift My Spa vs GlossGenius, GlossGenius alternative med spa, GlossGenius for med spas",lift-my-spa-vs-glossgenius-for-med-spas,Lift My Spa vs GlossGenius for Med Spas | Lift My Spa,"GlossGenius is built for stylists. Lift My Spa is built only for med spas. AI front desk, compliance, and conversion."
92,Comparison,L2,Lift My Spa vs RepeatMD for Med Spas,"Lift My Spa vs RepeatMD, RepeatMD alternative, RepeatMD med spa",lift-my-spa-vs-repeatmd-for-med-spas,Lift My Spa vs RepeatMD for Med Spas | Lift My Spa,"Lift My Spa vs RepeatMD: AI front desk, marketing automation, and ads in one platform without the enterprise cost."
93,Comparison,L2,Lift My Spa vs Zenoti for Med Spas,"Lift My Spa vs Zenoti, Zenoti alternative med spa, Zenoti for med spas",lift-my-spa-vs-zenoti-for-med-spas,Lift My Spa vs Zenoti for Med Spas | Lift My Spa,Zenoti is enterprise-heavy. Lift My Spa gives small and mid-size med spas the same automation power without the bloat.
94,Comparison,L2,Lift My Spa vs Generic AI Chatbots (Why Industry-Specific Wins),"med spa AI chatbot, generic chatbot vs med spa AI, industry-specific AI med spa",lift-my-spa-vs-generic-ai-chatbots,Lift My Spa vs Generic AI Chatbots: Why Med Spa Wins | Lift My Spa,"Generic AI chatbots can't book Botox. Lift My Spa is trained on med spa workflows, services, and compliance from day one."
95,Comparison,L2,Lift My Spa vs Hiring a Full-Time Front Desk Receptionist,"AI front desk vs receptionist, replace med spa receptionist, AI vs front desk staff",lift-my-spa-vs-front-desk-receptionist,Lift My Spa vs a Full-Time Front Desk Receptionist | Lift My Spa,"Lift My Spa vs a full-time receptionist. Compare cost, coverage, and conversion side by side for med spas."
96,Comparison,L2,Lift My Spa vs Hiring a Marketing Agency,"med spa marketing platform vs agency, AI vs marketing agency med spa, hire med spa agency",lift-my-spa-vs-hiring-marketing-agency,Lift My Spa vs Hiring a Marketing Agency | Lift My Spa,"Lift My Spa vs hiring a marketing agency. Side-by-side comparison of cost, control, and conversion for med spa owners."
97,Compliance,L1,Texas Med Spa Advertising Laws: What You Can and Can't Say in Marketing,"Texas med spa advertising laws, TDLR med spa ads, Texas Medical Board advertising",texas-med-spa-advertising-laws,Texas Med Spa Advertising Laws: What You Can Say | Lift My Spa,"A plain-English guide to Texas med spa advertising laws (TDLR, TMB, FTC) with compliant Lift My Spa templates."
98,Compliance,L1,Florida Board of Medicine Cosmetic Advertising Rules Explained,"Florida cosmetic advertising rules, Florida Board of Medicine, Florida med spa ads",florida-board-of-medicine-cosmetic-advertising-rules,Florida Board of Medicine Cosmetic Advertising Rules | Lift My Spa,Florida Board of Medicine rules every med spa must follow in cosmetic advertising. Stay compliant with Lift My Spa's templates.
99,Compliance,L1,Arizona Nursing Board Med Spa Marketing Compliance Checklist,"Arizona Nursing Board med spa, Arizona med spa compliance, AZ med spa ads",arizona-nursing-board-med-spa-marketing-compliance,Arizona Nursing Board Med Spa Marketing Compliance | Lift My Spa,A full Arizona Nursing Board marketing compliance checklist for med spas. Stay safe with Lift My Spa's pre-built templates.
100,Compliance,L1,Oklahoma Med Spa Compliance: Marketing Telehealth and AI Bots,"Oklahoma med spa compliance, OK med spa marketing rules, Oklahoma telehealth med spa",oklahoma-med-spa-compliance-marketing-telehealth,Oklahoma Med Spa Marketing + AI Bot Compliance | Lift My Spa,"Oklahoma marketing, telehealth, and AI bot compliance for med spas. Stay legal with Lift My Spa's pre-built templates."
101,Compliance,L1,HIPAA + Before/After Photos in Med Spa Ads: A Practical Guide,"HIPAA before after photos, med spa photo consent, before after med spa marketing",hipaa-before-after-photos-med-spa-ads,HIPAA + Before/After Photos in Med Spa Ads | Lift My Spa,"A practical HIPAA-compliant guide to using before/after photos in med spa ads, with consent templates from Lift My Spa."
102,Compliance,L1,"Can a Med Spa Use AI Chatbots? Compliance Guide for TX, FL, AZ, OK","med spa AI chatbot compliance, can med spa use AI bot, HIPAA AI med spa",can-med-spa-use-ai-chatbots-compliance,Can a Med Spa Use AI Chatbots? Compliance Guide | Lift My Spa,"Yes, med spas can use AI chatbots in TX, FL, AZ, OK with the right setup. Lift My Spa is built for compliant AI bookings."
